{
  "scenario": "rush_incident",
  "replications": 12,
  "base_seed": 42,
  "controllers": [
    "baseline",
    "reactive",
    "predictive",
    "optimizer"
  ],
  "metrics": {
    "baseline": {
      "total_denied_boardings": {
        "mean": 9704.25,
        "ci_low": 7857.5867416291785,
        "ci_high": 11550.913258370821,
        "std": 2906.439030998086,
        "n": 12
      },
      "mean_wait_s": {
        "mean": 1158.71,
        "ci_low": 1027.9992812033597,
        "ci_high": 1289.4207187966404,
        "std": 205.72388233658327,
        "n": 12
      },
      "p90_wait_s": {
        "mean": 2634.490833333333,
        "ci_low": 2281.5084472763274,
        "ci_high": 2987.4732193903383,
        "std": 555.5543380421253,
        "n": 12
      },
      "lost_customer_hours": {
        "mean": 3378.6808333333333,
        "ci_low": 2975.275638504248,
        "ci_high": 3782.0860281624186,
        "std": 634.914134043599,
        "n": 12
      },
      "ejt_proxy_s": {
        "mean": 1010.1883333333332,
        "ci_low": 880.6339584147441,
        "ci_high": 1139.742708251922,
        "std": 203.90392790515713,
        "n": 12
      },
      "regularity_pct": {
        "mean": 31.639166666666664,
        "ci_low": 26.033773018506736,
        "ci_high": 37.24456031482659,
        "std": 8.822255389157307,
        "n": 12
      },
      "bunching_index": {
        "mean": 1.0493750000000002,
        "ci_low": 0.9258056557487508,
        "ci_high": 1.1729443442512495,
        "std": 0.1944841668012171,
        "n": 12
      },
      "reserves_used": {
        "mean": 0.0,
        "ci_low": 0.0,
        "ci_high": 0.0,
        "std": 0.0,
        "n": 12
      }
    },
    "reactive": {
      "total_denied_boardings": {
        "mean": 6317.75,
        "ci_low": 4246.8738157831895,
        "ci_high": 8388.62618421681,
        "std": 3259.32480807689,
        "n": 12
      },
      "mean_wait_s": {
        "mean": 578.4641666666666,
        "ci_low": 502.58345162841374,
        "ci_high": 654.3448817049195,
        "std": 119.4276600714906,
        "n": 12
      },
      "p90_wait_s": {
        "mean": 1273.1758333333332,
        "ci_low": 1104.496592423076,
        "ci_high": 1441.8550742435905,
        "std": 265.48204025742,
        "n": 12
      },
      "lost_customer_hours": {
        "mean": 2412.1691666666666,
        "ci_low": 1851.3913485072196,
        "ci_high": 2972.9469848261133,
        "std": 882.600837498916,
        "n": 12
      },
      "ejt_proxy_s": {
        "mean": 438.32166666666666,
        "ci_low": 363.81975437403,
        "ci_high": 512.8235789593033,
        "std": 117.25758055225981,
        "n": 12
      },
      "regularity_pct": {
        "mean": 28.483333333333334,
        "ci_low": 25.381662602323647,
        "ci_high": 31.58500406434302,
        "std": 4.881678797174992,
        "n": 12
      },
      "bunching_index": {
        "mean": 1.1510500000000001,
        "ci_low": 1.0632792464765501,
        "ci_high": 1.2388207535234501,
        "std": 0.13814123536833928,
        "n": 12
      },
      "reserves_used": {
        "mean": 7.0,
        "ci_low": 6.1014515710562565,
        "ci_high": 7.8985484289437435,
        "std": 1.4142135623730951,
        "n": 12
      }
    },
    "predictive": {
      "total_denied_boardings": {
        "mean": 6349.666666666667,
        "ci_low": 4210.555952185744,
        "ci_high": 8488.777381147589,
        "std": 3366.7182384288853,
        "n": 12
      },
      "mean_wait_s": {
        "mean": 618.3566666666666,
        "ci_low": 522.922914301789,
        "ci_high": 713.7904190315442,
        "std": 150.2019285273439,
        "n": 12
      },
      "p90_wait_s": {
        "mean": 1361.2766666666666,
        "ci_low": 1165.9340654479133,
        "ci_high": 1556.61926788542,
        "std": 307.44715260093767,
        "n": 12
      },
      "lost_customer_hours": {
        "mean": 2540.5799999999995,
        "ci_low": 1893.8323169840721,
        "ci_high": 3187.3276830159266,
        "std": 1017.9076778640318,
        "n": 12
      },
      "ejt_proxy_s": {
        "mean": 479.7008333333333,
        "ci_low": 384.80432901955027,
        "ci_high": 574.5973376471163,
        "std": 149.35636088096837,
        "n": 12
      },
      "regularity_pct": {
        "mean": 20.488333333333333,
        "ci_low": 17.26608482514884,
        "ci_high": 23.710581841517826,
        "std": 5.071454575873821,
        "n": 12
      },
      "bunching_index": {
        "mean": 1.3482416666666666,
        "ci_low": 1.2447218309042172,
        "ci_high": 1.451761502429116,
        "std": 0.16292850890851338,
        "n": 12
      },
      "reserves_used": {
        "mean": 6.916666666666667,
        "ci_low": 6.083460540689254,
        "ci_high": 7.74987279264408,
        "std": 1.3113721705515065,
        "n": 12
      }
    },
    "optimizer": {
      "total_denied_boardings": {
        "mean": 7356.25,
        "ci_low": 5517.794899144287,
        "ci_high": 9194.705100855714,
        "std": 2893.5203197677897,
        "n": 12
      },
      "mean_wait_s": {
        "mean": 734.7158333333333,
        "ci_low": 651.6259745974485,
        "ci_high": 817.8056920692181,
        "std": 130.7740365848549,
        "n": 12
      },
      "p90_wait_s": {
        "mean": 1611.918333333333,
        "ci_low": 1418.3734601943177,
        "ci_high": 1805.4632064723485,
        "std": 304.6177320044175,
        "n": 12
      },
      "lost_customer_hours": {
        "mean": 3079.2116666666666,
        "ci_low": 2568.8683607375515,
        "ci_high": 3589.5549725957817,
        "std": 803.2226215783217,
        "n": 12
      },
      "ejt_proxy_s": {
        "mean": 593.215,
        "ci_low": 510.4509028848125,
        "ci_high": 675.9790971151876,
        "std": 130.2613246516402,
        "n": 12
      },
      "regularity_pct": {
        "mean": 23.789999999999996,
        "ci_low": 20.11781704409294,
        "ci_high": 27.46218295590705,
        "std": 5.779600489495949,
        "n": 12
      },
      "bunching_index": {
        "mean": 1.350475,
        "ci_low": 1.244460117131223,
        "ci_high": 1.4564898828687771,
        "std": 0.16685543075587103,
        "n": 12
      },
      "reserves_used": {
        "mean": 7.0,
        "ci_low": 6.1014515710562565,
        "ci_high": 7.8985484289437435,
        "std": 1.4142135623730951,
        "n": 12
      }
    }
  },
  "significance": [
    {
      "controller": "reactive",
      "baseline": "baseline",
      "metric": "total_denied_boardings",
      "mean_delta": -3386.5,
      "pct_delta": -34.8970811757735,
      "t_stat": -2.6863319866316138,
      "p_value": 0.013577286268020574,
      "significant": true,
      "ci_overlap": true
    },
    {
      "controller": "predictive",
      "baseline": "baseline",
      "metric": "total_denied_boardings",
      "mean_delta": -3354.583333333333,
      "pct_delta": -34.56818747799503,
      "t_stat": -2.6127156002819416,
      "p_value": 0.016054284474923707,
      "significant": true,
      "ci_overlap": true
    },
    {
      "controller": "optimizer",
      "baseline": "baseline",
      "metric": "total_denied_boardings",
      "mean_delta": -2348.0,
      "pct_delta": -24.195584408893012,
      "t_stat": -1.9832510199794953,
      "p_value": 0.05995976933043023,
      "significant": false,
      "ci_overlap": true
    }
  ]
}
